{"cameraMode":{"drawMode":0,"name":"Shaded","section":"Shading Mode"},"sceneLighting":false,"audioPlay":false,"sceneViewState":{"m_AlwaysRefresh":false,"showFog":false,"showSkybox":false,"showFlares":false,"showImageEffects":false,"showParticleSystems":false,"showVisualEffectGraphs":true,"m_FxEnabled":true},"in2DMode":false,"pivot":{"x":-0.0004654526710510254,"y":0.8607696890830994,"z":0.019451037049293519},"rotation":{"x":0.28071457147598269,"y":-0.46652674674987795,"z":0.15901686251163484,"w":0.823573887348175},"size":1.0258055925369263,"orthographic":false}